PlayerName,team,opp,Prop,Over_Under,draftkings,fanduel,mgm
Aaron Judge,NYY,@NYM,bases,Over,(1.5) -125,,(1.5) -125
Aaron Judge,NYY,@NYM,bases,Under,(1.5) -110,,(1.5) -105
Aaron Judge,NYY,@NYM,runs,Over,(0.5) -170,,(0.5) -165
Aaron Judge,NYY,@NYM,runs,Under,(0.5) 125,,(0.5) 125
Adley Rutschman,BAL,CLE,bases,Over,(1.5) 105,,(1.5) 105
Adley Rutschman,BAL,CLE,bases,Under,(1.5) -140,,(1.5) -135
Adley Rutschman,BAL,CLE,runs,Over,(0.5) -125,,(0.5) -120
Adley Rutschman,BAL,CLE,runs,Under,(0.5) -110,,(0.5) -105
Alex Bregman,HOU,COL,bases,Over,(1.5) 115,,(1.5) 115
Alex Bregman,HOU,COL,bases,Under,(1.5) -155,,(1.5) -150
Alex Bregman,HOU,COL,runs,Over,(0.5) -105,,(0.5) -110
Alex Bregman,HOU,COL,runs,Under,(0.5) -130,,(0.5) -120
Alex Jackson,TB,SEA,bases,Over,(0.5) 125,,(0.5) 130
Alex Jackson,TB,SEA,bases,Under,(0.5) -175,,(0.5) -165
Alex Jackson,TB,SEA,runs,Over,(0.5) 285,,(0.5) 280
Alex Jackson,TB,SEA,runs,Under,(0.5) -425,,(0.5) -400
Alex Verdugo,NYY,@NYM,bases,Over,(0.5) -205,,(0.5) -200
Alex Verdugo,NYY,@NYM,bases,Under,(0.5) 150,,(0.5) 150
Alex Verdugo,NYY,@NYM,runs,Over,(0.5) 150,,(0.5) 150
Alex Verdugo,NYY,@NYM,runs,Under,(0.5) -205,,(0.5) -200
Andres Gimenez,CLE,@BAL,bases,Over,(1.5) 130,,(1.5) 130
Andres Gimenez,CLE,@BAL,bases,Under,(1.5) -175,,(1.5) -165
Andres Gimenez,CLE,@BAL,runs,Over,(0.5) 105,,(0.5) 105
Andres Gimenez,CLE,@BAL,runs,Under,(0.5) -145,,(0.5) -140
Andrew Benintendi,CWS,LAD,bases,Over,(1.5) 145,,(1.5) 145
Andrew Benintendi,CWS,LAD,bases,Under,(1.5) -200,,(1.5) -190
Andrew Benintendi,CWS,LAD,runs,Over,(0.5) 145,,(0.5) 145
Andrew Benintendi,CWS,LAD,runs,Under,(0.5) -195,,(0.5) -190
Andy Pages,LAD,@CWS,bases,Over,(1.5) 115,,(1.5) 120
Andy Pages,LAD,@CWS,bases,Under,(1.5) -160,,(1.5) -155
Andy Pages,LAD,@CWS,runs,Over,(0.5) 110,,(0.5) 110
Andy Pages,LAD,@CWS,runs,Under,(0.5) -150,,(0.5) -145
Anthony Santander,BAL,CLE,bases,Over,(1.5) 110,,(1.5) 110
Anthony Santander,BAL,CLE,bases,Under,(1.5) -145,,(1.5) -145
Anthony Santander,BAL,CLE,runs,Over,(0.5) -110,,(0.5) -110
Anthony Santander,BAL,CLE,runs,Under,(0.5) -120,,(0.5) -120
Anthony Volpe,NYY,@NYM,bases,Over,(1.5) 110,,(1.5) 110
Anthony Volpe,NYY,@NYM,bases,Under,(1.5) -150,,(1.5) -150
Anthony Volpe,NYY,@NYM,runs,Over,(0.5) -125,,(0.5) -120
Anthony Volpe,NYY,@NYM,runs,Under,(0.5) -110,,(0.5) -105
Armando Alvarez,OAK,@LAA,bases,Over,(0.5) -140,,
Armando Alvarez,OAK,@LAA,bases,Under,(0.5) 100,,
Armando Alvarez,OAK,@LAA,runs,Over,(0.5) 170,,
Armando Alvarez,OAK,@LAA,runs,Under,(0.5) -235,,
Austin Martin,MIN,@ARI,bases,Over,(0.5) -165,,
Austin Martin,MIN,@ARI,bases,Under,(0.5) 120,,
Austin Martin,MIN,@ARI,runs,Over,(0.5) 155,,
Austin Martin,MIN,@ARI,runs,Under,(0.5) -210,,
Bo Bichette,TOR,@BOS,bases,Over,(1.5) -135,,(1.5) -135
Bo Bichette,TOR,@BOS,bases,Under,(1.5) 100,,(1.5) 105
Bo Bichette,TOR,@BOS,runs,Over,(0.5) -125,,(0.5) -125
Bo Bichette,TOR,@BOS,runs,Under,(0.5) -105,,(0.5) -105
Bo Naylor,CLE,@BAL,bases,Over,(0.5) -130,,(0.5) -130
Bo Naylor,CLE,@BAL,bases,Under,(0.5) -105,,(0.5) 100
Bo Naylor,CLE,@BAL,runs,Over,(0.5) 175,,(0.5) 175
Bo Naylor,CLE,@BAL,runs,Under,(0.5) -240,,(0.5) -225
Brandon Nimmo,NYM,NYY,bases,Over,(0.5) -175,,(0.5) -175
Brandon Nimmo,NYM,NYY,bases,Under,(0.5) 125,,(0.5) 130
Brandon Nimmo,NYM,NYY,runs,Over,(0.5) 110,,(0.5) 110
Brandon Nimmo,NYM,NYY,runs,Under,(0.5) -150,,(0.5) -145
Brayan Rocchio,CLE,@BAL,bases,Over,(0.5) -175,,(0.5) -175
Brayan Rocchio,CLE,@BAL,bases,Under,(0.5) 130,,(0.5) 130
Brayan Rocchio,CLE,@BAL,runs,Over,(0.5) 165,,(0.5) 165
Brayan Rocchio,CLE,@BAL,runs,Under,(0.5) -230,,(0.5) -225
Brendan Rodgers,COL,@HOU,bases,Over,(1.5) 145,,(1.5) 150
Brendan Rodgers,COL,@HOU,bases,Under,(1.5) -200,,(1.5) -200
Brendan Rodgers,COL,@HOU,runs,Over,(0.5) 160,,(0.5) 160
Brendan Rodgers,COL,@HOU,runs,Under,(0.5) -220,,(0.5) -210
Brent Rooker,OAK,@LAA,bases,Over,(0.5) -170,,
Brent Rooker,OAK,@LAA,bases,Under,(0.5) 125,,
Brent Rooker,OAK,@LAA,runs,Over,(0.5) 110,,
Brent Rooker,OAK,@LAA,runs,Under,(0.5) -145,,
Brenton Doyle,COL,@HOU,bases,Over,(0.5) -195,,(0.5) -190
Brenton Doyle,COL,@HOU,bases,Under,(0.5) 140,,(0.5) 145
Brenton Doyle,COL,@HOU,runs,Over,(0.5) 135,,(0.5) 140
Brenton Doyle,COL,@HOU,runs,Under,(0.5) -185,,(0.5) -185
Brice Turang,MIL,TEX,bases,Over,(1.5) 130,,
Brice Turang,MIL,TEX,bases,Under,(1.5) -175,,
Brice Turang,MIL,TEX,runs,Over,(0.5) -110,,
Brice Turang,MIL,TEX,runs,Under,(0.5) -125,,
Bryce Johnson,SD,WSH,bases,Over,(0.5) -130,,(0.5) -135
Bryce Johnson,SD,WSH,bases,Under,(0.5) -105,,(0.5) 100
Bryce Johnson,SD,WSH,runs,Over,(0.5) 175,,(0.5) 175
Bryce Johnson,SD,WSH,runs,Under,(0.5) -240,,(0.5) -250
Byron Buxton,MIN,@ARI,bases,Over,(1.5) 115,,(1.5) 115
Byron Buxton,MIN,@ARI,bases,Under,(1.5) -155,,(1.5) -155
Byron Buxton,MIN,@ARI,runs,Over,(0.5) 115,,(0.5) 120
Byron Buxton,MIN,@ARI,runs,Under,(0.5) -160,,(0.5) -155
CJ Abrams,WSH,@SD,bases,Over,(1.5) 125,,(1.5) 125
CJ Abrams,WSH,@SD,bases,Under,(1.5) -170,,(1.5) -160
CJ Abrams,WSH,@SD,runs,Over,(0.5) 120,,(0.5) 120
CJ Abrams,WSH,@SD,runs,Under,(0.5) -165,,(0.5) -155
Cal Raleigh,SEA,@TB,bases,Over,(0.5) -150,,(0.5) -150
Cal Raleigh,SEA,@TB,bases,Under,(0.5) 110,,(0.5) 115
Cal Raleigh,SEA,@TB,runs,Over,(0.5) 130,,(0.5) 130
Cal Raleigh,SEA,@TB,runs,Under,(0.5) -175,,(0.5) -175
Carlos Carrasco,CLE,@BAL,strikeouts,Over,(3.5) 110,,(3.5) 110
Carlos Carrasco,CLE,@BAL,strikeouts,Under,(3.5) -145,,(3.5) -145
Carlos Correa,MIN,@ARI,bases,Over,(1.5) -110,,(1.5) -105
Carlos Correa,MIN,@ARI,bases,Under,(1.5) -125,,(1.5) -120
Carlos Correa,MIN,@ARI,runs,Over,(0.5) 105,,(0.5) 105
Carlos Correa,MIN,@ARI,runs,Under,(0.5) -140,,(0.5) -140
Carlos Santana,MIN,@ARI,bases,Over,(1.5) 140,,(1.5) 145
Carlos Santana,MIN,@ARI,bases,Under,(1.5) -195,,(1.5) -190
Carlos Santana,MIN,@ARI,runs,Over,(0.5) 130,,(0.5) 130
Carlos Santana,MIN,@ARI,runs,Under,(0.5) -180,,(0.5) -175
Cavan Biggio,LAD,@CWS,bases,Over,(0.5) -130,,(0.5) -130
Cavan Biggio,LAD,@CWS,bases,Under,(0.5) -105,,(0.5) 100
Cavan Biggio,LAD,@CWS,runs,Over,(0.5) 130,,(0.5) 130
Cavan Biggio,LAD,@CWS,runs,Under,(0.5) -175,,(0.5) -175
Ceddanne Rafaela,BOS,TOR,bases,Over,(1.5) 135,,(1.5) 135
Ceddanne Rafaela,BOS,TOR,bases,Under,(1.5) -180,,(1.5) -175
Ceddanne Rafaela,BOS,TOR,runs,Over,(0.5) 110,,(0.5) 110
Ceddanne Rafaela,BOS,TOR,runs,Under,(0.5) -150,,(0.5) -150
Cedric Mullins,BAL,CLE,bases,Over,(0.5) -195,,(0.5) -190
Cedric Mullins,BAL,CLE,bases,Under,(0.5) 145,,(0.5) 145
Cedric Mullins,BAL,CLE,runs,Over,(0.5) 130,,(0.5) 130
Cedric Mullins,BAL,CLE,runs,Under,(0.5) -175,,(0.5) -175
Christian Vazquez,MIN,@ARI,bases,Over,(0.5) -210,,(0.5) -200
Christian Vazquez,MIN,@ARI,bases,Under,(0.5) 150,,(0.5) 155
Christian Vazquez,MIN,@ARI,runs,Over,(0.5) 170,,(0.5) 175
Christian Vazquez,MIN,@ARI,runs,Under,(0.5) -240,,(0.5) -225
Christian Walker,ARI,MIN,bases,Over,(1.5) 105,,(1.5) 110
Christian Walker,ARI,MIN,bases,Under,(1.5) -145,,(1.5) -145
Christian Walker,ARI,MIN,runs,Over,(0.5) 100,,(0.5) 100
Christian Walker,ARI,MIN,runs,Under,(0.5) -135,,(0.5) -130
Christian Yelich,MIL,TEX,bases,Over,(1.5) 125,,
Christian Yelich,MIL,TEX,bases,Under,(1.5) -175,,
Christian Yelich,MIL,TEX,runs,Over,(0.5) 105,,
Christian Yelich,MIL,TEX,runs,Under,(0.5) -145,,
Corbin Carroll,ARI,MIN,bases,Over,(1.5) 115,,(1.5) 120
Corbin Carroll,ARI,MIN,bases,Under,(1.5) -160,,(1.5) -155
Corbin Carroll,ARI,MIN,runs,Over,(0.5) -125,,(0.5) -125
Corbin Carroll,ARI,MIN,runs,Under,(0.5) -105,,(0.5) -105
DJ Herz,WSH,@SD,strikeouts,Over,(4.5) 120,(4.5) ,(4.5) 105
DJ Herz,WSH,@SD,strikeouts,Under,(4.5) -155,(4.5) ,(4.5) -140
DJ LeMahieu,NYY,@NYM,bases,Over,(0.5) -185,,(0.5) -185
DJ LeMahieu,NYY,@NYM,bases,Under,(0.5) 135,,(0.5) 135
DJ LeMahieu,NYY,@NYM,runs,Over,(0.5) 150,,(0.5) 150
DJ LeMahieu,NYY,@NYM,runs,Under,(0.5) -205,,(0.5) -200
Daniel Schneemann,CLE,@BAL,bases,Over,(0.5) -175,,(0.5) -165
Daniel Schneemann,CLE,@BAL,bases,Under,(0.5) 125,,(0.5) 130
Daniel Schneemann,CLE,@BAL,runs,Over,(0.5) 165,,(0.5) 160
Daniel Schneemann,CLE,@BAL,runs,Under,(0.5) -225,,(0.5) -225
Danny Jansen,TOR,@BOS,bases,Over,(1.5) 105,,(1.5) 110
Danny Jansen,TOR,@BOS,bases,Under,(1.5) -145,,(1.5) -145
Danny Jansen,TOR,@BOS,runs,Over,(0.5) 110,,(0.5) 110
Danny Jansen,TOR,@BOS,runs,Under,(0.5) -150,,(0.5) -145
David Hamilton,BOS,TOR,bases,Over,(1.5) 110,,(1.5) 115
David Hamilton,BOS,TOR,bases,Under,(1.5) -150,,(1.5) -150
David Hamilton,BOS,TOR,runs,Over,(0.5) -125,,(0.5) -120
David Hamilton,BOS,TOR,runs,Under,(0.5) -110,,(0.5) -105
Davis Schneider,TOR,@BOS,bases,Over,(1.5) 100,,(1.5) 100
Davis Schneider,TOR,@BOS,bases,Under,(1.5) -135,,(1.5) -130
Davis Schneider,TOR,@BOS,runs,Over,(0.5) 100,,(0.5) 100
Davis Schneider,TOR,@BOS,runs,Under,(0.5) -135,,(0.5) -135
Dominic Canzone,SEA,@TB,bases,Over,(0.5) -155,,(0.5) -155
Dominic Canzone,SEA,@TB,bases,Under,(0.5) 115,,(0.5) 115
Dominic Canzone,SEA,@TB,runs,Over,(0.5) 165,,(0.5) 165
Dominic Canzone,SEA,@TB,runs,Under,(0.5) -230,,(0.5) -225
Dominic Smith,BOS,TOR,bases,Over,(1.5) 135,,(1.5) 135
Dominic Smith,BOS,TOR,bases,Under,(1.5) -180,,(1.5) -175
Dominic Smith,BOS,TOR,runs,Over,(0.5) 125,,(0.5) 130
Dominic Smith,BOS,TOR,runs,Under,(0.5) -170,,(0.5) -165
Donovan Solano,SD,WSH,bases,Over,(1.5) 145,,(1.5) 145
Donovan Solano,SD,WSH,bases,Under,(1.5) -200,,(1.5) -190
Donovan Solano,SD,WSH,runs,Over,(0.5) 135,,(0.5) 135
Donovan Solano,SD,WSH,runs,Under,(0.5) -185,,(0.5) -185
Drew Millas,WSH,@SD,bases,Over,(0.5) -140,,(0.5) -135
Drew Millas,WSH,@SD,bases,Under,(0.5) 100,,(0.5) 105
Drew Millas,WSH,@SD,runs,Over,(0.5) 205,,(0.5) 200
Drew Millas,WSH,@SD,runs,Under,(0.5) -290,,(0.5) -275
Dylan Cease,SD,WSH,strikeouts,Over,(6.5) -115,(6.5) ,(6.5) -105
Dylan Cease,SD,WSH,strikeouts,Under,(6.5) -110,(6.5) ,(6.5) -120
Eddie Rosario,WSH,@SD,bases,Over,(0.5) -155,,(0.5) -150
Eddie Rosario,WSH,@SD,bases,Under,(0.5) 115,,(0.5) 115
Eddie Rosario,WSH,@SD,runs,Over,(0.5) 170,,(0.5) 165
Eddie Rosario,WSH,@SD,runs,Under,(0.5) -235,,(0.5) -225
Eloy Jimenez,CWS,LAD,bases,Over,(1.5) 140,,(1.5) 140
Eloy Jimenez,CWS,LAD,bases,Under,(1.5) -190,,(1.5) -185
Eloy Jimenez,CWS,LAD,runs,Over,(0.5) 150,,(0.5) 150
Eloy Jimenez,CWS,LAD,runs,Under,(0.5) -205,,(0.5) -200
Erick Fedde,CWS,LAD,strikeouts,Over,(4.5) -135,(4.5) -122,(4.5) -150
Erick Fedde,CWS,LAD,strikeouts,Under,(4.5) 105,(4.5) -104,(4.5) 115
Eugenio Suarez,ARI,MIN,bases,Over,(0.5) -180,,(0.5) -175
Eugenio Suarez,ARI,MIN,bases,Under,(0.5) 130,,(0.5) 135
Eugenio Suarez,ARI,MIN,runs,Over,(0.5) 145,,(0.5) 145
Eugenio Suarez,ARI,MIN,runs,Under,(0.5) -195,,(0.5) -190
Ezequiel Tovar,COL,@HOU,bases,Over,(1.5) 140,,(1.5) 140
Ezequiel Tovar,COL,@HOU,bases,Under,(1.5) -195,,(1.5) -190
Ezequiel Tovar,COL,@HOU,runs,Over,(0.5) 145,,(0.5) 145
Ezequiel Tovar,COL,@HOU,runs,Under,(0.5) -195,,(0.5) -190
Francisco Alvarez,NYM,NYY,bases,Over,(0.5) -165,,(0.5) -160
Francisco Alvarez,NYM,NYY,bases,Under,(0.5) 120,,(0.5) 125
Francisco Alvarez,NYM,NYY,runs,Over,(0.5) 150,,(0.5) 150
Francisco Alvarez,NYM,NYY,runs,Under,(0.5) -205,,(0.5) -200
Francisco Lindor,NYM,NYY,bases,Over,(1.5) 140,,(1.5) 140
Francisco Lindor,NYM,NYY,bases,Under,(1.5) -190,,(1.5) -190
Francisco Lindor,NYM,NYY,runs,Over,(0.5) -105,,(0.5) -105
Francisco Lindor,NYM,NYY,runs,Under,(0.5) -130,,(0.5) -125
Freddie Freeman,LAD,@CWS,bases,Over,(1.5) -120,,(1.5) -120
Freddie Freeman,LAD,@CWS,bases,Under,(1.5) -110,,(1.5) -110
Freddie Freeman,LAD,@CWS,runs,Over,(0.5) -125,,(0.5) -120
Freddie Freeman,LAD,@CWS,runs,Under,(0.5) -105,,(0.5) -105
Gavin Lux,LAD,@CWS,bases,Over,(1.5) 145,,(1.5) 145
Gavin Lux,LAD,@CWS,bases,Under,(1.5) -200,,(1.5) -190
Gavin Lux,LAD,@CWS,runs,Over,(0.5) 145,,(0.5) 145
Gavin Lux,LAD,@CWS,runs,Under,(0.5) -200,,(0.5) -190
Gavin Sheets,CWS,LAD,bases,Over,(0.5) -160,,(0.5) -155
Gavin Sheets,CWS,LAD,bases,Under,(0.5) 115,,(0.5) 120
Gavin Sheets,CWS,LAD,runs,Over,(0.5) 170,,(0.5) 165
Gavin Sheets,CWS,LAD,runs,Under,(0.5) -235,,(0.5) -225
Gavin Stone,LAD,@CWS,strikeouts,Over,(5.5) 140,(4.5) -162,(5.5) 130
Gavin Stone,LAD,@CWS,strikeouts,Under,(5.5) -190,(4.5) 126,(5.5) -175
George Kirby,SEA,@TB,strikeouts,Over,(6.5) -105,(6.5) 118,(6.5) -105
George Kirby,SEA,@TB,strikeouts,Under,(6.5) -125,(6.5) -150,(6.5) -125
George Springer,TOR,@BOS,bases,Over,(1.5) 100,,(1.5) 105
George Springer,TOR,@BOS,bases,Under,(1.5) -140,,(1.5) -135
George Springer,TOR,@BOS,runs,Over,(0.5) -105,,(0.5) -105
George Springer,TOR,@BOS,runs,Under,(0.5) -130,,(0.5) -125
Geraldo Perdomo,ARI,MIN,bases,Over,(0.5) -140,,(0.5) -140
Geraldo Perdomo,ARI,MIN,bases,Under,(0.5) 105,,(0.5) 105
Geraldo Perdomo,ARI,MIN,runs,Over,(0.5) 165,,(0.5) 170
Geraldo Perdomo,ARI,MIN,runs,Under,(0.5) -230,,(0.5) -225
Gleyber Torres,NYY,@NYM,bases,Over,(1.5) 125,,(1.5) 125
Gleyber Torres,NYY,@NYM,bases,Under,(1.5) -170,,(1.5) -165
Gleyber Torres,NYY,@NYM,runs,Over,(0.5) 115,,(0.5) 115
Gleyber Torres,NYY,@NYM,runs,Under,(0.5) -155,,(0.5) -150
Grayson Rodriguez,BAL,CLE,strikeouts,Over,(4.5) -120,,(4.5) -110
Grayson Rodriguez,BAL,CLE,strikeouts,Under,(4.5) -110,,(4.5) -120
Gunnar Henderson,BAL,CLE,bases,Over,(1.5) -125,,(1.5) -120
Gunnar Henderson,BAL,CLE,bases,Under,(1.5) -110,,(1.5) -105
Gunnar Henderson,BAL,CLE,runs,Over,(0.5) -175,,(0.5) -165
Gunnar Henderson,BAL,CLE,runs,Under,(0.5) 130,,(0.5) 130
Ha-Seong Kim,SD,WSH,bases,Over,(0.5) -180,,(0.5) -185
Ha-Seong Kim,SD,WSH,bases,Under,(0.5) 130,,(0.5) 135
Ha-Seong Kim,SD,WSH,runs,Over,(0.5) 130,,(0.5) 130
Ha-Seong Kim,SD,WSH,runs,Under,(0.5) -180,,(0.5) -175
Harrison Bader,NYM,NYY,bases,Over,(0.5) -135,,(0.5) -135
Harrison Bader,NYM,NYY,bases,Under,(0.5) 100,,(0.5) 100
Harrison Bader,NYM,NYY,runs,Over,(0.5) 185,,(0.5) 185
Harrison Bader,NYM,NYY,runs,Under,(0.5) -260,,(0.5) -250
Heston Kjerstad,BAL,CLE,bases,Over,(1.5) 130,,(1.5) 130
Heston Kjerstad,BAL,CLE,bases,Under,(1.5) -175,,(1.5) -165
Heston Kjerstad,BAL,CLE,runs,Over,(0.5) 110,,(0.5) 110
Heston Kjerstad,BAL,CLE,runs,Under,(0.5) -145,,(0.5) -145
Isaac Paredes,TB,SEA,bases,Over,(0.5) -190,,(0.5) -190
Isaac Paredes,TB,SEA,bases,Under,(0.5) 140,,(0.5) 140
Isaac Paredes,TB,SEA,runs,Over,(0.5) 175,,(0.5) 180
Isaac Paredes,TB,SEA,runs,Under,(0.5) -245,,(0.5) -250
Isiah Kiner-Falefa,TOR,@BOS,bases,Over,(1.5) 115,,(1.5) 120
Isiah Kiner-Falefa,TOR,@BOS,bases,Under,(1.5) -160,,(1.5) -155
Isiah Kiner-Falefa,TOR,@BOS,runs,Over,(0.5) 125,,(0.5) 125
Isiah Kiner-Falefa,TOR,@BOS,runs,Under,(0.5) -170,,(0.5) -165
J.D. Davis,NYY,@NYM,bases,Over,(0.5) -185,,(0.5) -185
J.D. Davis,NYY,@NYM,bases,Under,(0.5) 135,,(0.5) 140
J.D. Davis,NYY,@NYM,runs,Over,(0.5) 140,,(0.5) 140
J.D. Davis,NYY,@NYM,runs,Under,(0.5) -195,,(0.5) -190
J.D. Martinez,NYM,NYY,bases,Over,(0.5) -190,,(0.5) -190
J.D. Martinez,NYM,NYY,bases,Under,(0.5) 140,,(0.5) 145
J.D. Martinez,NYM,NYY,runs,Over,(0.5) 140,,(0.5) 140
J.D. Martinez,NYM,NYY,runs,Under,(0.5) -190,,(0.5) -185
J.P. Crawford,SEA,@TB,bases,Over,(0.5) -160,,(0.5) -155
J.P. Crawford,SEA,@TB,bases,Under,(0.5) 120,,(0.5) 120
J.P. Crawford,SEA,@TB,runs,Over,(0.5) 120,,(0.5) 125
J.P. Crawford,SEA,@TB,runs,Under,(0.5) -165,,(0.5) -165
JJ Bleday,OAK,@LAA,bases,Over,(1.5) 105,,
JJ Bleday,OAK,@LAA,bases,Under,(1.5) -145,,
JJ Bleday,OAK,@LAA,runs,Over,(0.5) -120,,
JJ Bleday,OAK,@LAA,runs,Under,(0.5) -115,,
Jackson Chourio,MIL,TEX,bases,Over,(0.5) -130,,
Jackson Chourio,MIL,TEX,bases,Under,(0.5) -105,,
Jackson Chourio,MIL,TEX,runs,Over,(0.5) 190,,
Jackson Chourio,MIL,TEX,runs,Under,(0.5) -265,,
Jackson Merrill,SD,WSH,bases,Over,(1.5) 145,,(1.5) 145
Jackson Merrill,SD,WSH,bases,Under,(1.5) -200,,(1.5) -190
Jackson Merrill,SD,WSH,runs,Over,(0.5) 140,,(0.5) 140
Jackson Merrill,SD,WSH,runs,Under,(0.5) -190,,(0.5) -185
Jacob Stallings,COL,@HOU,bases,Over,(0.5) -140,,(0.5) -140
Jacob Stallings,COL,@HOU,bases,Under,(0.5) 105,,(0.5) 105
Jacob Stallings,COL,@HOU,runs,Over,(0.5) 185,,(0.5) 185
Jacob Stallings,COL,@HOU,runs,Under,(0.5) -260,,(0.5) -250
Jacob Young,WSH,@SD,bases,Over,(0.5) -130,,(0.5) -130
Jacob Young,WSH,@SD,bases,Under,(0.5) -105,,(0.5) 100
Jacob Young,WSH,@SD,runs,Over,(0.5) 225,,(0.5) 220
Jacob Young,WSH,@SD,runs,Under,(0.5) -320,,(0.5) -300
Jake Cave,COL,@HOU,bases,Over,(0.5) -180,,(0.5) -175
Jake Cave,COL,@HOU,bases,Under,(0.5) 130,,(0.5) 135
Jake Cave,COL,@HOU,runs,Over,(0.5) 165,,(0.5) 170
Jake Cave,COL,@HOU,runs,Under,(0.5) -230,,(0.5) -225
Jake Cronenworth,SD,WSH,bases,Over,(1.5) 145,,(1.5) 145
Jake Cronenworth,SD,WSH,bases,Under,(1.5) -200,,(1.5) -190
Jake Cronenworth,SD,WSH,runs,Over,(0.5) 125,,(0.5) 125
Jake Cronenworth,SD,WSH,runs,Under,(0.5) -175,,(0.5) -165
Jake McCarthy,ARI,MIN,bases,Over,(0.5) -200,,(0.5) -190
Jake McCarthy,ARI,MIN,bases,Under,(0.5) 145,,(0.5) 145
Jake McCarthy,ARI,MIN,runs,Over,(0.5) 140,,(0.5) 140
Jake McCarthy,ARI,MIN,runs,Under,(0.5) -190,,(0.5) -185
Jake Meyers,HOU,COL,bases,Over,(0.5) -200,,(0.5) -200
Jake Meyers,HOU,COL,bases,Under,(0.5) 145,,(0.5) 150
Jake Meyers,HOU,COL,runs,Over,(0.5) 140,,(0.5) 135
Jake Meyers,HOU,COL,runs,Under,(0.5) -190,,(0.5) -175
Jarren Duran,BOS,TOR,bases,Over,(1.5) -145,,(1.5) -145
Jarren Duran,BOS,TOR,bases,Under,(1.5) 110,,(1.5) 110
Jarren Duran,BOS,TOR,runs,Over,(0.5) -155,,(0.5) -155
Jarren Duran,BOS,TOR,runs,Under,(0.5) 115,,(0.5) 120
Jason Heyward,LAD,@CWS,bases,Over,(0.5) -190,,(0.5) -190
Jason Heyward,LAD,@CWS,bases,Under,(0.5) 140,,(0.5) 140
Jason Heyward,LAD,@CWS,runs,Over,(0.5) 120,,(0.5) 120
Jason Heyward,LAD,@CWS,runs,Under,(0.5) -165,,(0.5) -160
Jeff McNeil,NYM,NYY,bases,Over,(0.5) -170,,(0.5) -165
Jeff McNeil,NYM,NYY,bases,Under,(0.5) 125,,(0.5) 130
Jeff McNeil,NYM,NYY,runs,Over,(0.5) 175,,(0.5) 175
Jeff McNeil,NYM,NYY,runs,Under,(0.5) -250,,(0.5) -250
Jeremy Pena,HOU,COL,bases,Over,(1.5) 135,,(1.5) 135
Jeremy Pena,HOU,COL,bases,Under,(1.5) -185,,(1.5) -185
Jeremy Pena,HOU,COL,runs,Over,(0.5) 135,,(0.5) 130
Jeremy Pena,HOU,COL,runs,Under,(0.5) -180,,(0.5) -175
Jesse Winker,WSH,@SD,bases,Over,(0.5) -135,,(0.5) -135
Jesse Winker,WSH,@SD,bases,Under,(0.5) 100,,(0.5) 105
Jesse Winker,WSH,@SD,runs,Over,(0.5) 145,,(0.5) 150
Jesse Winker,WSH,@SD,runs,Under,(0.5) -200,,(0.5) -200
Jo Adell,LAA,OAK,bases,Over,(0.5) -135,,
Jo Adell,LAA,OAK,bases,Under,(0.5) 100,,
Jo Adell,LAA,OAK,runs,Over,(0.5) 145,,
Jo Adell,LAA,OAK,runs,Under,(0.5) -195,,
Joc Pederson,ARI,MIN,bases,Over,(1.5) 125,,(1.5) 125
Joc Pederson,ARI,MIN,bases,Under,(1.5) -165,,(1.5) -160
Joc Pederson,ARI,MIN,runs,Over,(0.5) 100,,(0.5) 100
Joc Pederson,ARI,MIN,runs,Under,(0.5) -135,,(0.5) -135
Joey Estes,OAK,@LAA,strikeouts,Over,(4.5) 100,,
Joey Estes,OAK,@LAA,strikeouts,Under,(4.5) -135,,
Joey Loperfido,HOU,COL,bases,Over,(0.5) -165,,(0.5) -165
Joey Loperfido,HOU,COL,bases,Under,(0.5) 125,,(0.5) 125
Joey Loperfido,HOU,COL,runs,Over,(0.5) 125,,(0.5) 125
Joey Loperfido,HOU,COL,runs,Under,(0.5) -170,,(0.5) -165
Joey Meneses,WSH,@SD,bases,Over,(1.5) 145,,(1.5) 140
Joey Meneses,WSH,@SD,bases,Under,(1.5) -195,,(1.5) -190
Joey Meneses,WSH,@SD,runs,Over,(0.5) 165,,(0.5) 160
Joey Meneses,WSH,@SD,runs,Under,(0.5) -230,,(0.5) -210
Joey Ortiz,MIL,TEX,bases,Over,(0.5) -165,,
Joey Ortiz,MIL,TEX,bases,Under,(0.5) 120,,
Joey Ortiz,MIL,TEX,runs,Over,(0.5) 160,,
Joey Ortiz,MIL,TEX,runs,Under,(0.5) -220,,
Jon Singleton,HOU,COL,bases,Over,(0.5) -160,,(0.5) -160
Jon Singleton,HOU,COL,bases,Under,(0.5) 120,,(0.5) 125
Jon Singleton,HOU,COL,runs,Over,(0.5) 125,,(0.5) 130
Jon Singleton,HOU,COL,runs,Under,(0.5) -175,,(0.5) -165
Jonny DeLuca,TB,SEA,bases,Over,(0.5) -170,,(0.5) -160
Jonny DeLuca,TB,SEA,bases,Under,(0.5) 125,,(0.5) 125
Jonny DeLuca,TB,SEA,runs,Over,(0.5) 200,,(0.5) 200
Jonny DeLuca,TB,SEA,runs,Under,(0.5) -285,,(0.5) -275
Jordan Westburg,BAL,CLE,bases,Over,(1.5) -120,,(1.5) -115
Jordan Westburg,BAL,CLE,bases,Under,(1.5) -115,,(1.5) -115
Jordan Westburg,BAL,CLE,runs,Over,(0.5) -115,,(0.5) -110
Jordan Westburg,BAL,CLE,runs,Under,(0.5) -120,,(0.5) -120
Jorge Mateo,BAL,CLE,bases,Over,(1.5) 140,,(1.5) 145
Jorge Mateo,BAL,CLE,bases,Under,(1.5) -195,,(1.5) -190
Jorge Mateo,BAL,CLE,runs,Over,(0.5) 125,,(0.5) 130
Jorge Mateo,BAL,CLE,runs,Under,(0.5) -170,,(0.5) -165
Jorge Polanco,SEA,@TB,bases,Over,(0.5) -130,,(0.5) -135
Jorge Polanco,SEA,@TB,bases,Under,(0.5) -105,,(0.5) 100
Jorge Polanco,SEA,@TB,runs,Over,(0.5) 135,,(0.5) 135
Jorge Polanco,SEA,@TB,runs,Under,(0.5) -185,,(0.5) -185
Jose Altuve,HOU,COL,bases,Over,(1.5) 110,,(1.5) 110
Jose Altuve,HOU,COL,bases,Under,(1.5) -150,,(1.5) -145
Jose Altuve,HOU,COL,runs,Over,(0.5) -115,,(0.5) -115
Jose Altuve,HOU,COL,runs,Under,(0.5) -115,,(0.5) -110
Jose Ramirez,CLE,@BAL,bases,Over,(1.5) -105,,(1.5) -105
Jose Ramirez,CLE,@BAL,bases,Under,(1.5) -130,,(1.5) -125
Jose Ramirez,CLE,@BAL,runs,Over,(0.5) -105,,(0.5) -105
Jose Ramirez,CLE,@BAL,runs,Under,(0.5) -130,,(0.5) -125
Jose Siri,TB,SEA,bases,Over,(0.5) -145,,(0.5) -140
Jose Siri,TB,SEA,bases,Under,(0.5) 105,,(0.5) 110
Jose Siri,TB,SEA,runs,Over,(0.5) 195,,(0.5) 195
Jose Siri,TB,SEA,runs,Under,(0.5) -270,,(0.5) -275
Jose Trevino,NYY,@NYM,bases,Over,(0.5) -190,,(0.5) -190
Jose Trevino,NYY,@NYM,bases,Under,(0.5) 140,,(0.5) 140
Jose Trevino,NYY,@NYM,runs,Over,(0.5) 155,,(0.5) 155
Jose Trevino,NYY,@NYM,runs,Under,(0.5) -215,,(0.5) -210
Josh Lowe,TB,SEA,bases,Over,(1.5) 145,,(1.5) 150
Josh Lowe,TB,SEA,bases,Under,(1.5) -195,,(1.5) -200
Josh Lowe,TB,SEA,runs,Over,(0.5) 135,,(0.5) 140
Josh Lowe,TB,SEA,runs,Under,(0.5) -185,,(0.5) -185
Josh Naylor,CLE,@BAL,bases,Over,(1.5) 110,,(1.5) 110
Josh Naylor,CLE,@BAL,bases,Under,(1.5) -150,,(1.5) -145
Josh Naylor,CLE,@BAL,runs,Over,(0.5) 115,,(0.5) 115
Josh Naylor,CLE,@BAL,runs,Under,(0.5) -155,,(0.5) -150
Josh Rojas,SEA,@TB,bases,Over,(0.5) -195,,(0.5) -165
Josh Rojas,SEA,@TB,bases,Under,(0.5) 140,,(0.5) 130
Josh Rojas,SEA,@TB,runs,Over,(0.5) 130,,(0.5) 135
Josh Rojas,SEA,@TB,runs,Under,(0.5) -180,,(0.5) -175
Juan Soto,NYY,@NYM,bases,Over,(1.5) 120,,(1.5) 120
Juan Soto,NYY,@NYM,bases,Under,(1.5) -165,,(1.5) -155
Juan Soto,NYY,@NYM,runs,Over,(0.5) -135,,(0.5) -135
Juan Soto,NYY,@NYM,runs,Under,(0.5) 100,,(0.5) 105
Julio Rodriguez,SEA,@TB,bases,Over,(1.5) 105,,(1.5) 110
Julio Rodriguez,SEA,@TB,bases,Under,(1.5) -140,,(1.5) -145
Julio Rodriguez,SEA,@TB,runs,Over,(0.5) 115,,(0.5) 115
Julio Rodriguez,SEA,@TB,runs,Under,(0.5) -160,,(0.5) -155
Jurickson Profar,SD,WSH,bases,Over,(1.5) 135,,(1.5) 135
Jurickson Profar,SD,WSH,bases,Under,(1.5) -185,,(1.5) -175
Jurickson Profar,SD,WSH,runs,Over,(0.5) 105,,(0.5) 105
Jurickson Profar,SD,WSH,runs,Under,(0.5) -140,,(0.5) -140
Justin Turner,TOR,@BOS,bases,Over,(1.5) 110,,(1.5) 115
Justin Turner,TOR,@BOS,bases,Under,(1.5) -150,,(1.5) -150
Justin Turner,TOR,@BOS,runs,Over,(0.5) 105,,(0.5) 110
Justin Turner,TOR,@BOS,runs,Under,(0.5) -145,,(0.5) -145
Ketel Marte,ARI,MIN,bases,Over,(1.5) 125,,(1.5) 125
Ketel Marte,ARI,MIN,bases,Under,(1.5) -170,,(1.5) -160
Ketel Marte,ARI,MIN,runs,Over,(0.5) -105,,(0.5) 100
Ketel Marte,ARI,MIN,runs,Under,(0.5) -130,,(0.5) -130
Kevin Kiermaier,TOR,@BOS,bases,Over,(0.5) -155,,(0.5) -150
Kevin Kiermaier,TOR,@BOS,bases,Under,(0.5) 115,,(0.5) 115
Kevin Kiermaier,TOR,@BOS,runs,Over,(0.5) 160,,(0.5) 165
Kevin Kiermaier,TOR,@BOS,runs,Under,(0.5) -225,,(0.5) -225
Kutter Crawford,BOS,TOR,strikeouts,Over,(4.5) -150,(4.5) -152,(4.5) -155
Kutter Crawford,BOS,TOR,strikeouts,Under,(4.5) 115,(4.5) 120,(4.5) 120
Kyle Higashioka,SD,WSH,bases,Over,(0.5) -135,,(0.5) -135
Kyle Higashioka,SD,WSH,bases,Under,(0.5) 100,,(0.5) 105
Kyle Higashioka,SD,WSH,runs,Over,(0.5) 170,,(0.5) 170
Kyle Higashioka,SD,WSH,runs,Under,(0.5) -235,,(0.5) -225
Lane Thomas,WSH,@SD,bases,Over,(0.5) -165,,(0.5) -165
Lane Thomas,WSH,@SD,bases,Under,(0.5) 120,,(0.5) 125
Lane Thomas,WSH,@SD,runs,Over,(0.5) 150,,(0.5) 145
Lane Thomas,WSH,@SD,runs,Under,(0.5) -205,,(0.5) -190
Lawrence Butler,OAK,@LAA,bases,Over,(0.5) -165,,
Lawrence Butler,OAK,@LAA,bases,Under,(0.5) 125,,
Lawrence Butler,OAK,@LAA,runs,Over,(0.5) 140,,
Lawrence Butler,OAK,@LAA,runs,Under,(0.5) -195,,
Lenyn Sosa,CWS,LAD,bases,Over,(0.5) -170,,(0.5) -165
Lenyn Sosa,CWS,LAD,bases,Under,(0.5) 125,,(0.5) 130
Lenyn Sosa,CWS,LAD,runs,Over,(0.5) 230,,(0.5) 230
Lenyn Sosa,CWS,LAD,runs,Under,(0.5) -340,,(0.5) -350
Logan O'Hoppe,LAA,OAK,bases,Over,(1.5) -110,,
Logan O'Hoppe,LAA,OAK,bases,Under,(1.5) -125,,
Logan O'Hoppe,LAA,OAK,runs,Over,(0.5) -105,,
Logan O'Hoppe,LAA,OAK,runs,Under,(0.5) -130,,
Lourdes Gurriel,ARI,MIN,bases,Over,(1.5) 100,,(1.5) 100
Lourdes Gurriel,ARI,MIN,bases,Under,(1.5) -135,,(1.5) -135
Lourdes Gurriel,ARI,MIN,runs,Over,(0.5) 120,,(0.5) 120
Lourdes Gurriel,ARI,MIN,runs,Under,(0.5) -160,,(0.5) -155
Luis Arraez,SD,WSH,bases,Over,(1.5) 115,,(1.5) 115
Luis Arraez,SD,WSH,bases,Under,(1.5) -155,,(1.5) -155
Luis Arraez,SD,WSH,runs,Over,(0.5) 115,,(0.5) 115
Luis Arraez,SD,WSH,runs,Under,(0.5) -160,,(0.5) -155
Luis Garcia,WSH,@SD,bases,Over,(1.5) 130,,(1.5) 135
Luis Garcia,WSH,@SD,bases,Under,(1.5) -180,,(1.5) -175
Luis Garcia,WSH,@SD,runs,Over,(0.5) 180,,(0.5) 175
Luis Garcia,WSH,@SD,runs,Under,(0.5) -255,,(0.5) -250
Luis Gil,NYY,@NYM,strikeouts,Over,(6.5) 130,(6.5) 124,(6.5) 120
Luis Gil,NYY,@NYM,strikeouts,Under,(6.5) -170,(6.5) -160,(6.5) -160
Luis Rengifo,LAA,OAK,bases,Over,(1.5) 110,,
Luis Rengifo,LAA,OAK,bases,Under,(1.5) -150,,
Luis Rengifo,LAA,OAK,runs,Over,(0.5) -105,,
Luis Rengifo,LAA,OAK,runs,Under,(0.5) -130,,
Luis Robert,CWS,LAD,bases,Over,(1.5) 125,,(1.5) 125
Luis Robert,CWS,LAD,bases,Under,(1.5) -170,,(1.5) -160
Luis Robert,CWS,LAD,runs,Over,(0.5) 125,,(0.5) 125
Luis Robert,CWS,LAD,runs,Under,(0.5) -170,,(0.5) -160
Manny Machado,SD,WSH,bases,Over,(1.5) 125,,(1.5) 125
Manny Machado,SD,WSH,bases,Under,(1.5) -170,,(1.5) -160
Manny Machado,SD,WSH,runs,Over,(0.5) 110,,(0.5) 110
Manny Machado,SD,WSH,runs,Under,(0.5) -145,,(0.5) -145
Mark Vientos,NYM,NYY,bases,Over,(0.5) -150,,(0.5) -145
Mark Vientos,NYM,NYY,bases,Under,(0.5) 110,,(0.5) 110
Mark Vientos,NYM,NYY,runs,Over,(0.5) 170,,(0.5) 170
Mark Vientos,NYM,NYY,runs,Under,(0.5) -235,,(0.5) -225
Martin Maldonado,CWS,LAD,bases,Over,(0.5) 125,,(0.5) 125
Martin Maldonado,CWS,LAD,bases,Under,(0.5) -170,,(0.5) -160
Martin Maldonado,CWS,LAD,runs,Over,(0.5) 275,,(0.5) 260
Martin Maldonado,CWS,LAD,runs,Under,(0.5) -425,,(0.5) -375
Masataka Yoshida,BOS,TOR,bases,Over,(1.5) 130,,(1.5) 130
Masataka Yoshida,BOS,TOR,bases,Under,(1.5) -175,,(1.5) -175
Masataka Yoshida,BOS,TOR,runs,Over,(0.5) 115,,(0.5) 120
Masataka Yoshida,BOS,TOR,runs,Under,(0.5) -160,,(0.5) -155
Matt Thaiss,LAA,OAK,bases,Over,(0.5) -135,,
Matt Thaiss,LAA,OAK,bases,Under,(0.5) 100,,
Matt Thaiss,LAA,OAK,runs,Over,(0.5) 140,,
Matt Thaiss,LAA,OAK,runs,Under,(0.5) -195,,
Max Kepler,MIN,@ARI,bases,Over,(1.5) -110,,(1.5) -110
Max Kepler,MIN,@ARI,bases,Under,(1.5) -125,,(1.5) -120
Max Kepler,MIN,@ARI,runs,Over,(0.5) -105,,(0.5) -105
Max Kepler,MIN,@ARI,runs,Under,(0.5) -130,,(0.5) -125
Max Schuemann,OAK,@LAA,bases,Over,(0.5) -130,,
Max Schuemann,OAK,@LAA,bases,Under,(0.5) -105,,
Max Schuemann,OAK,@LAA,runs,Over,(0.5) 175,,
Max Schuemann,OAK,@LAA,runs,Under,(0.5) -240,,
Michael Toglia,COL,@HOU,bases,Over,(0.5) -125,,(0.5) -120
Michael Toglia,COL,@HOU,bases,Under,(0.5) -105,,(0.5) -105
Michael Toglia,COL,@HOU,runs,Over,(0.5) 165,,(0.5) 165
Michael Toglia,COL,@HOU,runs,Under,(0.5) -230,,(0.5) -225
Mickey Moniak,LAA,OAK,bases,Over,(0.5) -160,,
Mickey Moniak,LAA,OAK,bases,Under,(0.5) 115,,
Mickey Moniak,LAA,OAK,runs,Over,(0.5) 135,,
Mickey Moniak,LAA,OAK,runs,Under,(0.5) -185,,
Miguel Andujar,OAK,@LAA,bases,Over,(1.5) 120,,
Miguel Andujar,OAK,@LAA,bases,Under,(1.5) -165,,
Miguel Andujar,OAK,@LAA,runs,Over,(0.5) 125,,
Miguel Andujar,OAK,@LAA,runs,Under,(0.5) -170,,
Miguel Rojas,LAD,@CWS,bases,Over,(1.5) 160,,(1.5) 160
Miguel Rojas,LAD,@CWS,bases,Under,(1.5) -220,,(1.5) -210
Miguel Rojas,LAD,@CWS,runs,Over,(0.5) 145,,(0.5) 145
Miguel Rojas,LAD,@CWS,runs,Under,(0.5) -195,,(0.5) -190
Miguel Sano,LAA,OAK,bases,Over,(1.5) -110,,
Miguel Sano,LAA,OAK,bases,Under,(1.5) -120,,
Miguel Sano,LAA,OAK,runs,Over,(0.5) -130,,
Miguel Sano,LAA,OAK,runs,Under,(0.5) -105,,
Mitch Garver,SEA,@TB,bases,Over,(0.5) -135,,(0.5) -135
Mitch Garver,SEA,@TB,bases,Under,(0.5) 100,,(0.5) 100
Mitch Garver,SEA,@TB,runs,Over,(0.5) 140,,(0.5) 140
Mitch Garver,SEA,@TB,runs,Under,(0.5) -195,,(0.5) -185
Mitch Haniger,SEA,@TB,bases,Over,(0.5) -130,,(0.5) -125
Mitch Haniger,SEA,@TB,bases,Under,(0.5) -105,,(0.5) -105
Mitch Haniger,SEA,@TB,runs,Over,(0.5) 170,,(0.5) 170
Mitch Haniger,SEA,@TB,runs,Under,(0.5) -235,,(0.5) -225
Nathan Eovaldi,TEX,@MIL,strikeouts,Over,(5.5) 115,,
Nathan Eovaldi,TEX,@MIL,strikeouts,Under,(5.5) -150,,
Nick Senzel,WSH,@SD,bases,Over,(0.5) -125,,(0.5) -125
Nick Senzel,WSH,@SD,bases,Under,(0.5) -110,,(0.5) -105
Nick Senzel,WSH,@SD,runs,Over,(0.5) 225,,(0.5) 220
Nick Senzel,WSH,@SD,runs,Under,(0.5) -320,,(0.5) -300
Nicky Lopez,CWS,LAD,bases,Over,(0.5) -145,,(0.5) -150
Nicky Lopez,CWS,LAD,bases,Under,(0.5) 110,,(0.5) 110
Nicky Lopez,CWS,LAD,runs,Over,(0.5) 275,,(0.5) 260
Nicky Lopez,CWS,LAD,runs,Under,(0.5) -390,,(0.5) -375
Nolan Jones,COL,@HOU,bases,Over,(0.5) -130,,(0.5) -135
Nolan Jones,COL,@HOU,bases,Under,(0.5) -105,,(0.5) 100
Nolan Jones,COL,@HOU,runs,Over,(0.5) 125,,(0.5) 125
Nolan Jones,COL,@HOU,runs,Under,(0.5) -165,,(0.5) -160
Nolan Schanuel,LAA,OAK,bases,Over,(1.5) 135,,
Nolan Schanuel,LAA,OAK,bases,Under,(1.5) -180,,
Nolan Schanuel,LAA,OAK,runs,Over,(0.5) 105,,
Nolan Schanuel,LAA,OAK,runs,Under,(0.5) -145,,
Paul DeJong,CWS,LAD,bases,Over,(0.5) -155,,(0.5) -150
Paul DeJong,CWS,LAD,bases,Under,(0.5) 115,,(0.5) 115
Paul DeJong,CWS,LAD,runs,Over,(0.5) 185,,(0.5) 185
Paul DeJong,CWS,LAD,runs,Under,(0.5) -255,,(0.5) -250
Pete Alonso,NYM,NYY,bases,Over,(0.5) -170,,(0.5) -160
Pete Alonso,NYM,NYY,bases,Under,(0.5) 125,,(0.5) 125
Pete Alonso,NYM,NYY,runs,Over,(0.5) 125,,(0.5) 125
Pete Alonso,NYM,NYY,runs,Under,(0.5) -170,,(0.5) -160
Rafael Devers,BOS,TOR,bases,Over,(1.5) -115,,(1.5) -115
Rafael Devers,BOS,TOR,bases,Under,(1.5) -115,,(1.5) -115
Rafael Devers,BOS,TOR,runs,Over,(0.5) -135,,(0.5) -135
Rafael Devers,BOS,TOR,runs,Under,(0.5) 100,,(0.5) 105
Randy Arozarena,TB,SEA,bases,Over,(1.5) 140,,(1.5) 145
Randy Arozarena,TB,SEA,bases,Under,(1.5) -190,,(1.5) -190
Randy Arozarena,TB,SEA,runs,Over,(0.5) 145,,(0.5) 145
Randy Arozarena,TB,SEA,runs,Under,(0.5) -195,,(0.5) -190
Reese McGuire,BOS,TOR,bases,Over,(0.5) -170,,(0.5) -165
Reese McGuire,BOS,TOR,bases,Under,(0.5) 125,,(0.5) 125
Reese McGuire,BOS,TOR,runs,Over,(0.5) 145,,(0.5) 145
Reese McGuire,BOS,TOR,runs,Under,(0.5) -200,,(0.5) -190
Rhys Hoskins,MIL,TEX,bases,Over,(0.5) -145,,
Rhys Hoskins,MIL,TEX,bases,Under,(0.5) 110,,
Rhys Hoskins,MIL,TEX,runs,Over,(0.5) 140,,
Rhys Hoskins,MIL,TEX,runs,Under,(0.5) -190,,
Richie Palacios,TB,SEA,bases,Over,(0.5) -165,,(0.5) -160
Richie Palacios,TB,SEA,bases,Under,(0.5) 120,,(0.5) 120
Richie Palacios,TB,SEA,runs,Over,(0.5) 175,,(0.5) 180
Richie Palacios,TB,SEA,runs,Under,(0.5) -245,,(0.5) -250
Royce Lewis,MIN,@ARI,bases,Over,(1.5) -120,,(1.5) -120
Royce Lewis,MIN,@ARI,bases,Under,(1.5) -110,,(1.5) -110
Royce Lewis,MIN,@ARI,runs,Over,(0.5) -140,,(0.5) -135
Royce Lewis,MIN,@ARI,runs,Under,(0.5) 100,,(0.5) 105
Ryan Feltner,COL,@HOU,strikeouts,Over,(4.5) -120,(4.5) -115,(4.5) -125
Ryan Feltner,COL,@HOU,strikeouts,Under,(4.5) -110,(4.5) -111,(4.5) -105
Ryan McMahon,COL,@HOU,bases,Over,(0.5) -165,,(0.5) -160
Ryan McMahon,COL,@HOU,bases,Under,(0.5) 120,,(0.5) 125
Ryan McMahon,COL,@HOU,runs,Over,(0.5) 135,,(0.5) 135
Ryan McMahon,COL,@HOU,runs,Under,(0.5) -185,,(0.5) -185
Ryan Mountcastle,BAL,CLE,bases,Over,(1.5) -135,,(1.5) -130
Ryan Mountcastle,BAL,CLE,bases,Under,(1.5) 100,,(1.5) 100
Ryan Mountcastle,BAL,CLE,runs,Over,(0.5) -120,,(0.5) -115
Ryan Mountcastle,BAL,CLE,runs,Under,(0.5) -115,,(0.5) -110
Ryan O'Hearn,BAL,CLE,bases,Over,(1.5) -105,,(1.5) -105
Ryan O'Hearn,BAL,CLE,bases,Under,(1.5) -130,,(1.5) -125
Ryan O'Hearn,BAL,CLE,runs,Over,(0.5) -105,,(0.5) -105
Ryan O'Hearn,BAL,CLE,runs,Under,(0.5) -125,,(0.5) -125
Ryan Pepiot,TB,SEA,strikeouts,Over,(6.5) 105,(6.5) 120,(6.5) 120
Ryan Pepiot,TB,SEA,strikeouts,Under,(6.5) -135,(6.5) -152,(6.5) -155
Ryne Nelson,ARI,MIN,strikeouts,Over,(3.5) -155,(4.5) 128,(3.5) -155
Ryne Nelson,ARI,MIN,strikeouts,Under,(3.5) 120,(4.5) -164,(3.5) 115
Sal Frelick,MIL,TEX,bases,Over,(0.5) -195,,
Sal Frelick,MIL,TEX,bases,Under,(0.5) 140,,
Sal Frelick,MIL,TEX,runs,Over,(0.5) 150,,
Sal Frelick,MIL,TEX,runs,Under,(0.5) -205,,
Sam Hilliard,COL,@HOU,bases,Over,(0.5) 100,,(0.5) 100
Sam Hilliard,COL,@HOU,bases,Under,(0.5) -140,,(0.5) -135
Sam Hilliard,COL,@HOU,runs,Over,(0.5) 190,,(0.5) 190
Sam Hilliard,COL,@HOU,runs,Under,(0.5) -265,,(0.5) -250
Sean Manaea,NYM,NYY,strikeouts,Over,(5.5) 110,(5.5) 116,(5.5) 110
Sean Manaea,NYM,NYY,strikeouts,Under,(5.5) -140,(5.5) -148,(5.5) -145
Shea Langeliers,OAK,@LAA,bases,Over,(1.5) 130,,
Shea Langeliers,OAK,@LAA,bases,Under,(1.5) -180,,
Shea Langeliers,OAK,@LAA,runs,Over,(0.5) 115,,
Shea Langeliers,OAK,@LAA,runs,Under,(0.5) -160,,
Shohei Ohtani,LAD,@CWS,bases,Over,(2.5) -105,,(2.5) 100
Shohei Ohtani,LAD,@CWS,bases,Under,(2.5) -130,,(2.5) -130
Shohei Ohtani,LAD,@CWS,runs,Over,(0.5) -225,,(0.5) -210
Shohei Ohtani,LAD,@CWS,runs,Under,(0.5) 160,,(0.5) 160
Simeon Woods Richardson,MIN,@ARI,strikeouts,Over,(4.5) 105,(4.5) 102,(4.5) 110
Simeon Woods Richardson,MIN,@ARI,strikeouts,Under,(4.5) -140,(4.5) -130,(4.5) -140
Spencer Arrighetti,HOU,COL,strikeouts,Over,(6.5) 100,(6.5) 110,(6.5) 100
Spencer Arrighetti,HOU,COL,strikeouts,Under,(6.5) -125,(6.5) -140,(6.5) -135
Spencer Horwitz,TOR,@BOS,bases,Over,(1.5) 105,,(1.5) 110
Spencer Horwitz,TOR,@BOS,bases,Under,(1.5) -145,,(1.5) -145
Spencer Horwitz,TOR,@BOS,runs,Over,(0.5) 100,,(0.5) 100
Spencer Horwitz,TOR,@BOS,runs,Under,(0.5) -135,,(0.5) -130
Steven Kwan,CLE,@BAL,bases,Over,(1.5) 110,,(1.5) 110
Steven Kwan,CLE,@BAL,bases,Under,(1.5) -150,,(1.5) -145
Steven Kwan,CLE,@BAL,runs,Over,(0.5) 100,,(0.5) 100
Steven Kwan,CLE,@BAL,runs,Under,(0.5) -135,,(0.5) -135
Taylor Walls,TB,SEA,bases,Over,(0.5) -115,,(0.5) -110
Taylor Walls,TB,SEA,bases,Under,(0.5) -120,,(0.5) -120
Taylor Walls,TB,SEA,runs,Over,(0.5) 205,,(0.5) 210
Taylor Walls,TB,SEA,runs,Under,(0.5) -290,,(0.5) -300
Taylor Ward,LAA,OAK,bases,Over,(1.5) 115,,
Taylor Ward,LAA,OAK,bases,Under,(1.5) -155,,
Taylor Ward,LAA,OAK,runs,Over,(0.5) -115,,
Taylor Ward,LAA,OAK,runs,Under,(0.5) -120,,
Teoscar Hernandez,LAD,@CWS,bases,Over,(1.5) 115,,(1.5) 115
Teoscar Hernandez,LAD,@CWS,bases,Under,(1.5) -155,,(1.5) -150
Teoscar Hernandez,LAD,@CWS,runs,Over,(0.5) 110,,(0.5) 110
Teoscar Hernandez,LAD,@CWS,runs,Under,(0.5) -150,,(0.5) -145
Tommy Pham,CWS,LAD,bases,Over,(1.5) 135,,(1.5) 135
Tommy Pham,CWS,LAD,bases,Under,(1.5) -185,,(1.5) -175
Tommy Pham,CWS,LAD,runs,Over,(0.5) 115,,(0.5) 115
Tommy Pham,CWS,LAD,runs,Under,(0.5) -155,,(0.5) -150
Trent Grisham,NYY,@NYM,bases,Over,(0.5) -110,,(0.5) -110
Trent Grisham,NYY,@NYM,bases,Under,(0.5) -120,,(0.5) -120
Trent Grisham,NYY,@NYM,runs,Over,(0.5) 160,,(0.5) 160
Trent Grisham,NYY,@NYM,runs,Under,(0.5) -220,,(0.5) -210
Trevor Larnach,MIN,@ARI,bases,Over,(1.5) 110,,(1.5) 115
Trevor Larnach,MIN,@ARI,bases,Under,(1.5) -150,,(1.5) -150
Trevor Larnach,MIN,@ARI,runs,Over,(0.5) -105,,(0.5) 100
Trevor Larnach,MIN,@ARI,runs,Under,(0.5) -130,,(0.5) -130
Trey Cabbage,HOU,COL,bases,Over,(0.5) -150,,(0.5) -150
Trey Cabbage,HOU,COL,bases,Under,(0.5) 110,,(0.5) 115
Trey Cabbage,HOU,COL,runs,Over,(0.5) 140,,(0.5) 140
Trey Cabbage,HOU,COL,runs,Under,(0.5) -190,,(0.5) -185
Tucker Barnhart,ARI,MIN,bases,Over,(0.5) -105,,(0.5) -105
Tucker Barnhart,ARI,MIN,bases,Under,(0.5) -130,,(0.5) -125
Tucker Barnhart,ARI,MIN,runs,Over,(0.5) 260,,(0.5) 260
Tucker Barnhart,ARI,MIN,runs,Under,(0.5) -390,,(0.5) -350
Ty France,SEA,@TB,bases,Over,(0.5) -155,,(0.5) -155
Ty France,SEA,@TB,bases,Under,(0.5) 115,,(0.5) 120
Ty France,SEA,@TB,runs,Over,(0.5) 170,,(0.5) 175
Ty France,SEA,@TB,runs,Under,(0.5) -235,,(0.5) -250
Tyler Black,MIL,TEX,bases,Over,(0.5) -150,,
Tyler Black,MIL,TEX,bases,Under,(0.5) 110,,
Tyler Black,MIL,TEX,runs,Over,(0.5) 160,,
Tyler Black,MIL,TEX,runs,Under,(0.5) -220,,
Tyler Freeman,CLE,@BAL,bases,Over,(1.5) 125,,(1.5) 130
Tyler Freeman,CLE,@BAL,bases,Under,(1.5) -170,,(1.5) -165
Tyler Freeman,CLE,@BAL,runs,Over,(0.5) 130,,(0.5) 135
Tyler Freeman,CLE,@BAL,runs,Under,(0.5) -180,,(0.5) -175
Tyler O'Neill,BOS,TOR,bases,Over,(1.5) 105,,(1.5) 110
Tyler O'Neill,BOS,TOR,bases,Under,(1.5) -145,,(1.5) -145
Tyler O'Neill,BOS,TOR,runs,Over,(0.5) -115,,(0.5) -115
Tyler O'Neill,BOS,TOR,runs,Under,(0.5) -115,,(0.5) -115
Tyler Soderstrom,OAK,@LAA,bases,Over,(0.5) -165,,
Tyler Soderstrom,OAK,@LAA,bases,Under,(0.5) 125,,
Tyler Soderstrom,OAK,@LAA,runs,Over,(0.5) 125,,
Tyler Soderstrom,OAK,@LAA,runs,Under,(0.5) -175,,
Tyrone Taylor,NYM,NYY,bases,Over,(0.5) -170,,(0.5) -165
Tyrone Taylor,NYM,NYY,bases,Under,(0.5) 125,,(0.5) 125
Tyrone Taylor,NYM,NYY,runs,Over,(0.5) 145,,(0.5) 145
Tyrone Taylor,NYM,NYY,runs,Under,(0.5) -195,,(0.5) -190
Vladimir Guerrero,TOR,@BOS,bases,Over,(1.5) -140,,(1.5) -140
Vladimir Guerrero,TOR,@BOS,bases,Under,(1.5) 105,,(1.5) 105
Vladimir Guerrero,TOR,@BOS,runs,Over,(0.5) -125,,(0.5) -120
Vladimir Guerrero,TOR,@BOS,runs,Under,(0.5) -110,,(0.5) -105
Will Brennan,CLE,@BAL,bases,Over,(1.5) 135,,(1.5) 135
Will Brennan,CLE,@BAL,bases,Under,(1.5) -185,,(1.5) -185
Will Brennan,CLE,@BAL,runs,Over,(0.5) 145,,(0.5) 145
Will Brennan,CLE,@BAL,runs,Under,(0.5) -200,,(0.5) -190
Will Smith,LAD,@CWS,bases,Over,(1.5) 100,,(1.5) 105
Will Smith,LAD,@CWS,bases,Under,(1.5) -135,,(1.5) -135
Will Smith,LAD,@CWS,runs,Over,(0.5) -115,,(0.5) -110
Will Smith,LAD,@CWS,runs,Under,(0.5) -120,,(0.5) -120
Willi Castro,MIN,@ARI,bases,Over,(1.5) 100,,(1.5) 105
Willi Castro,MIN,@ARI,bases,Under,(1.5) -140,,(1.5) -135
Willi Castro,MIN,@ARI,runs,Over,(0.5) -115,,(0.5) -110
Willi Castro,MIN,@ARI,runs,Under,(0.5) -120,,(0.5) -115
William Contreras,MIL,TEX,bases,Over,(1.5) 115,,
William Contreras,MIL,TEX,bases,Under,(1.5) -155,,
William Contreras,MIL,TEX,runs,Over,(0.5) 105,,
William Contreras,MIL,TEX,runs,Under,(0.5) -140,,
Willy Adames,MIL,TEX,bases,Over,(0.5) -185,,
Willy Adames,MIL,TEX,bases,Under,(0.5) 135,,
Willy Adames,MIL,TEX,runs,Over,(0.5) 130,,
Willy Adames,MIL,TEX,runs,Under,(0.5) -175,,
Wilyer Abreu,BOS,TOR,bases,Over,(1.5) 110,,(1.5) 110
Wilyer Abreu,BOS,TOR,bases,Under,(1.5) -150,,(1.5) -145
Wilyer Abreu,BOS,TOR,runs,Over,(0.5) -115,,(0.5) -110
Wilyer Abreu,BOS,TOR,runs,Under,(0.5) -120,,(0.5) -120
Yainer Diaz,HOU,COL,bases,Over,(1.5) -105,,(1.5) 100
Yainer Diaz,HOU,COL,bases,Under,(1.5) -130,,(1.5) -130
Yainer Diaz,HOU,COL,runs,Over,(0.5) 115,,(0.5) 115
Yainer Diaz,HOU,COL,runs,Under,(0.5) -160,,(0.5) -150
Yandy Diaz,TB,SEA,bases,Over,(1.5) 110,,(1.5) 115
Yandy Diaz,TB,SEA,bases,Under,(1.5) -150,,(1.5) -150
Yandy Diaz,TB,SEA,runs,Over,(0.5) 125,,(0.5) 130
Yandy Diaz,TB,SEA,runs,Under,(0.5) -170,,(0.5) -165
Yariel Rodriguez,TOR,@BOS,strikeouts,Over,(3.5) -135,(3.5) -122,(3.5) -140
Yariel Rodriguez,TOR,@BOS,strikeouts,Under,(3.5) 105,(3.5) -104,(3.5) 110
Yordan Alvarez,HOU,COL,bases,Over,(1.5) -110,,(1.5) -110
Yordan Alvarez,HOU,COL,bases,Under,(1.5) -120,,(1.5) -120
Yordan Alvarez,HOU,COL,runs,Over,(0.5) -125,,(0.5) -130
Yordan Alvarez,HOU,COL,runs,Under,(0.5) -110,,(0.5) 100
Zach Neto,LAA,OAK,bases,Over,(1.5) 125,,
Zach Neto,LAA,OAK,bases,Under,(1.5) -175,,
Zach Neto,LAA,OAK,runs,Over,(0.5) 110,,
Zach Neto,LAA,OAK,runs,Under,(0.5) -150,,
Zack Gelof,OAK,@LAA,bases,Over,(0.5) -150,,
Zack Gelof,OAK,@LAA,bases,Under,(0.5) 110,,
Zack Gelof,OAK,@LAA,runs,Over,(0.5) 145,,
Zack Gelof,OAK,@LAA,runs,Under,(0.5) -200,,
